feature,gain,gain_fraction,gain_rank,mean_abs_shap,mean_abs_fraction,mean_shap,shap_rank,mean_rank
AGE,11381.40966296196,0.1117453068829822,1,0.3121117822658074,0.1183169625113291,-0.0165742809905447,1,1.0
GENDER,6736.762074530125,0.0661430848821666,3,0.3055614323738466,0.1158338217052471,-0.0077620174439917,2,2.5
WT_KG,6951.196758508682,0.0682484541006667,2,0.2048083079730434,0.0776398017419865,0.0038010225631886,3,2.5
prior_pyuria_rate,2843.907350063324,0.0279221387324081,6,0.0947306226473355,0.0359109785829689,0.0001993155543188,4,5.0
lab_neutrophil_abs,2709.8068910837173,0.0266055094759646,7,0.0893818395760136,0.0338833339950697,0.0015850865628729,5,6.0
prior_ua_wbc_last,2276.461118340492,0.022350820663627,8,0.0676597662918363,0.0256488171441693,-0.0063923102529813,6,7.0
lab_cbc_wbc,2246.471907436848,0.0220563796695109,9,0.0636472209266542,0.0241277205162216,0.0027174780515997,7,8.0
preUA_MAX_PULSE,3009.0753007531166,0.0295437957927921,5,0.046236905328696,0.0175277272607293,0.0003804843413741,11,8.0
admission_to_ua_hours,3131.023539841175,0.0307411117496265,4,0.0451347060766548,0.0171098998187883,9.1377875802806e-05,12,8.0
preUA_lab_count,2169.635892391205,0.0213019859401574,11,0.0614426476709231,0.0232919993865731,0.0017458347972331,8,9.5
lab_Albumin_Plasma,1518.506068766117,0.0149090430520344,20,0.0563939226906343,0.0213781023850362,0.003491551291713,9,14.5
lab_creatinine,1538.5487170815468,0.015105826399008,19,0.051218967767962,0.0194163534784788,-0.0055903090496454,10,14.5
preUA_MAX_TEMP_C,1822.9442170262337,0.0178980870555133,12,0.0334475301076092,0.0126794641878282,-0.0020671562422606,19,15.5
lab_Platelet_Count,1548.4937365055084,0.0152034688950078,17,0.0340131028627371,0.0128938644580779,-0.0008106498147439,16,16.5
BMI,2215.0477675795555,0.0217478502117483,10,0.0292256957300382,0.0110790291893356,0.0010002862648926,23,16.5
lab_Creatinine_Plasma,1541.1505834460258,0.0151313721234813,18,0.0335130822250839,0.0127043140264645,0.0067180168075908,18,18.0
preUA_MAX_DBP,1654.126479446888,0.0162405955450825,16,0.0302868034067778,0.0114812794225625,-0.0011827966696494,21,18.5
preUA_MIN_TEMP_C,1669.6564703583715,0.0163930725801497,15,0.0284599839428461,0.0107887591708121,-0.0007630441523894,25,20.0
preUA_MAX_SBP,1796.2204401493073,0.0176357068463286,13,0.0274875979421396,0.0104201420133408,-0.0026335129900747,27,20.0
preUA_MIN_PULSE,1261.8101788163185,0.0123887435594867,26,0.034355853825397,0.0130237962809183,0.0016622797260952,15,20.5
lab_Glucose_Plasma,1442.4274666905403,0.0141620857780309,22,0.0327973003678984,0.0124329717062608,-0.0015841015519316,20,21.0
preUA_MAX_RESP,1763.5867103934288,0.0173153013557703,14,0.0230005726606674,0.0087191770636639,0.0014484940353114,31,22.5
lab_MCH,1347.1767266988754,0.0132268920290669,24,0.0277801307096053,0.0105310368607904,-0.0021430624420724,26,25.0
HT_M,1515.374870479107,0.0148783002245767,21,0.0216585491867537,0.008210435804684,0.0054491770133056,32,26.5
UA_year,792.2227001190186,0.0077782253135615,42,0.038446974862317,0.014574679784388,-0.0011143731635759,13,27.5
medadmin_life,855.8955234289169,0.0084033797884087,41,0.0355945759278148,0.0134933775171335,-0.0013712843188374,14,27.5
lab_Anion_Gap,907.1056272983552,0.0089061724074129,39,0.0335391637876153,0.01271420116124,-0.0011730196769233,17,28.0
preUA_MIN_RESP,1370.7191299200058,0.0134580367774428,23,0.0210332487214739,0.0079733936425081,-0.0003656648153175,33,28.0
ZIP3,1011.7178186178209,0.0099332790461219,35,0.0292315065768008,0.0110812319954379,-0.0024449792859975,22,28.5
lab_BUN_Creatinine_Ratio,1149.5594626665115,0.0112866401210335,30,0.023892277791524,0.0090572092961313,-0.0062377837033287,29,29.5
lab_RDW,1109.0091007947922,0.0108885073092152,31,0.0209212859691697,0.0079309502183257,-0.0024163479171114,34,32.5
lab_BUN_Plasma,1031.858600139618,0.0101310258875646,32,0.020191791923311,0.007654409810112,0.0062294197330276,36,34.0
lab_RBC_Count,1219.781239271164,0.0119760937308171,28,0.0182537806940625,0.0069197384039481,0.0040497110742844,40,34.0
preUA_MIN_SBP,1293.9215828180313,0.0127040207352387,25,0.0165295045899263,0.006266090823933,-0.0011413195935223,44,34.5
preUA_MIN_DBP,1201.0703825354576,0.0117923862209487,29,0.0177757403123453,0.0067385203624121,0.0022704376721204,41,35.0
lab_Total_Calcium_Plasma,1030.5499119758606,0.0101181768851296,33,0.0184602149238844,0.006997994568626,-1.0662253124024002e-05,39,36.0
lab_HCT,978.1337773799896,0.0096035431781033,38,0.0189112134708567,0.0071689614503868,-0.0063069466423086,37,37.5
lab_platelet,1252.8146128058434,0.0123004230162329,27,0.0140606645388976,0.0053301900590101,-0.0017526254563158,51,39.0
lab_HGB,1012.9552745819092,0.0099454286743803,34,0.0157704220212297,0.0059783338441372,0.0003592805021872,45,39.5
labrec_Creatinine_Plasma,362.1736939549446,0.0035559049163867,60,0.0285339063849818,0.0108167820757836,-0.0046247913430417,24,42.0
lab_hemoglobin,663.4046810269356,0.0065134602711127,46,0.0187888296950935,0.0071225675702716,-0.000571613665716,38,42.0
INS_TYPE,441.0144902467728,0.0043299820507157,57,0.0270468341126546,0.0102530549616732,1.6858192371932725e-05,28,42.5
prior_ua_rec_days,1007.160991191864,0.009888539062745,37,0.0133659683126209,0.0050668409897617,0.0020270044499215,52,44.5
lab_MCV,763.183599948883,0.007493112725911,43,0.0150187742168253,0.0056933952735718,-0.0020928003319794,47,45.0
RACE1,423.31972324848175,0.0041562507444012,58,0.0203901045120362,0.0077295871807175,-0.0017237050328233,35,46.5
lab_MCHC,1009.5691013336182,0.0099121824439049,36,0.0122524998105533,0.0046447415417361,0.0019853218902471,57,46.5
labrec_Albumin_Plasma,879.680149435997,0.0086369027360017,40,0.0129747676776169,0.0049185426123978,-0.0014358861730329,54,47.0
age_bin,292.4006776213646,0.0028708573385177,66,0.0238361314094912,0.0090359250327502,-0.0023609271600789,30,48.0
procedure_life,672.055770277977,0.0065983986620377,45,0.0133410407247034,0.0050573913097024,0.002230466896417,53,49.0
lab_procalcitonin,692.9678093194962,0.0068037178878141,44,0.0125680077247387,0.004764345927651,-0.0030231930388876,55,49.5
lab_Phosphorus_Plasma,537.213739156723,0.0052744884791537,53,0.0146464729950494,0.0055522613843607,-0.000712855882014,48,50.5
lab_Chloride_Plasma,573.5650292634964,0.0056313938352444,52,0.0141441196986497,0.0053618266763017,0.0029082437499047,49,50.5
lab_CO2_Plasma,518.3538395762444,0.0050893176322365,56,0.0150439860628129,0.0057029527116631,-0.0032560638663307,46,51.0
procedure_30d,356.52561461925507,0.0035004507699008,61,0.0172303748005587,0.0065317803593766,0.004156145665963,42,51.5
lab_Sodium_Plasma,622.6633507013321,0.006113452486939,49,0.0122885217355779,0.0046583969209781,0.0028906066808897,56,52.5
medadmin_365d,655.9637966156006,0.0064404039506175,47,0.0121430666627513,0.0046032570532237,-0.0007795397406977,58,52.5
prior_pyuria_count,303.1054181456566,0.002975958951623,63,0.0170503182604167,0.0064635235868984,0.0008956810531116,43,53.0
labrec_Sodium_Plasma,653.6478987932205,0.0064176659312916,48,0.0119380147572398,0.0045255249072562,0.0047158307687815,60,54.0
medadmin_1d,580.8409008979797,0.0057028300222119,50,0.0120327516510409,0.0045614382631408,0.0010022295015523,59,54.5
procedure_365d,527.987960100174,0.0051839076510808,54,0.0085758373930296,0.003250973173676,-0.0028231833606959,65,59.5
lab_Potassium_Plasma,578.0517172217369,0.0056754451731392,51,0.0079449104759205,0.003011798106791,0.0016759191608083,68,59.5
imaging_365d,327.3930706977844,0.0032144207299331,62,0.0102177620336579,0.003873402531329,0.0003286263748692,62,62.0
medadmin_abx_1d,205.5314602851868,0.002017955313428,75,0.0140965564493503,0.0053437961516499,0.0012530850429386,50,62.5
labrec_Phosphorus_Plasma,400.147463619709,0.0039287401512436,59,0.0083717852403414,0.0031736200192237,-0.0011859547596994,66,62.5
labrec_HCT,527.4726691246033,0.0051788484053542,55,0.0065996103692888,0.0025018147247883,0.0003037548447945,73,64.0
labrec_Platelet_Count,285.6538007259369,0.0028046149439895,67,0.008767275112276,0.0033235443828975,-0.0009162974907966,64,65.5
medadmin_abx_30d,211.56368041038516,0.0020771810428444,74,0.008817968709119,0.0033427615760253,0.0002777733247813,63,68.5
prior_ua_count,256.7639399766922,0.0025209676234175,69,0.0076421311175792,0.0028970189282224,-0.0010730372538485,69,69.0
SEX_ASSIGNED_AT_BIRTH,212.4917632341385,0.0020862931742082,73,0.0081780660923975,0.0031001839541107,-0.0003443851524896,67,70.0
imaging_life,251.718479514122,0.0024714301281114,70,0.0066092379385322,0.002505464393958,0.001054557464566,72,71.0
medadmin_30d,271.68018901348114,0.0026674187991083,68,0.0058443129467956,0.00221549263796,-0.0003313968538332,74,71.0
medadmin_7d,295.85930943489075,0.0029048149839099,65,0.0050557440450591,0.0019165578252239,-0.0002969859454004,77,71.0
lab_lactate,297.67679846286774,0.0029226595106603,64,0.0047947194697209,0.0018176072676044,0.0006095554845037,78,71.0
GENDER_IDENTITY,126.18910932540894,0.0012389537996111,83,0.0102574237273784,0.0038884376930746,-0.0004514092917933,61,72.0
labrec_BUN_Plasma,220.14644956588745,0.0021614486513032,72,0.0057681916461901,0.0021866361782498,0.001186546109995,76,74.0
labrec_MCH,196.0758491754532,0.001925117941212,76,0.0058094138516509,0.0022022629069261,-0.001210642576047,75,75.5
imaging_30d,134.32507038116455,0.001318834543024,82,0.0071957964573933,0.0027278200569931,0.0005432379442694,70,76.0
imaging_xr_365d,229.4508608579636,0.0022528015088128,71,0.0045136356931878,0.0017110525633598,-0.0006337733248013,81,76.0
medadmin_abx_life,122.24828028678894,0.0012002618305726,84,0.0066230747208624,0.0025107097135815,0.0010368888102724,71,77.5
labrec_Glucose_Plasma,184.85644042491916,0.0018149631966768,78,0.0046607537114186,0.0017668228291325,-0.0022404953368649,79,78.5
imaging_us_30d,81.08262968063354,0.0007960879719519,88,0.004567371175331,0.0017314228902347,9.965494708194757e-05,80,84.0
imaging_mri_life,141.85571932792664,0.0013927721924456,81,0.0032320544985445,0.0012252240788949,-0.0005603443541305,87,84.0
imaging_xr_life,162.691379904747,0.0015973415168275,80,0.0031224192750146,0.0011836629864614,-0.0005304516803657,88,84.0
labrec_HGB,171.66043138504028,0.0016854017343045,79,0.0030401033659213,0.0011524582422522,-0.000831872831201,89,84.0
imaging_us_life,93.9339108467102,0.0009222648164966,86,0.0034976732959514,0.0013259162381813,0.0001342773007406,84,85.0
labrec_BUN_Creatinine_Ratio,185.3472905158997,0.0018197824761575,77,0.002480699895335,0.0009403966565678,9.730274348854536e-05,94,85.5
imaging_us_365d,71.1784702539444,0.0006988466488357,90,0.003550691332029,0.0013460145918592,0.0003708954938268,83,86.5
labrec_Potassium_Plasma,86.33424973487854,0.0008476495897104,87,0.0032375467579208,0.0012273061132289,-0.0007057751184796,86,86.5
imaging_mri_30d,48.70434057712555,0.0004781904566738,94,0.0032726042709198,0.0012405958981294,0.0003552436566645,85,89.5
labrec_CO2_Plasma,31.54210996627808,0.0003096877155198,99,0.0044058599050181,0.0016701963553822,0.0027917892830707,82,90.5
labrec_Total_Calcium_Plasma,70.88095951080322,0.0006959256196946,91,0.0029494866399926,0.001118106781097,0.0016744592652228,91,91.0
medadmin_abx_365d,105.31111919879912,0.0010339688739397,85,0.0022164022651719,0.0008402053322518,0.0005986274909428,98,91.5
imaging_xr_30d,70.73646986484528,0.0006945069870025,92,0.0028223844542097,0.0010699242214986,0.0002652159279272,92,92.0
imaging_ct_365d,37.591349720954895,0.0003690805475866,97,0.0029774684647506,0.0011287142771897,0.0002463906901916,90,93.5
imaging_ct_life,74.10443115234375,0.0007275744082435,89,0.0013010781434933,0.0004932194895382,-0.0001491655964108,100,94.5
labrec_RBC_Count,48.75568079948425,0.0004786945268262,93,0.0013469846639828,0.0005106219727907,-0.0002594650453091,99,96.0
imaging_mri_365d,30.39082980155945,0.0002983841811489,100,0.0026281050077453,0.0009962757554997,0.0005510244221055,93,96.5
imaging_ct_30d,33.66499984264374,0.0003305307382857,98,0.0024579292005757,0.0009317646228182,-0.0002635015493541,95,96.5
medadmin_abx_7d,41.3502699136734,0.0004059864935917,96,0.0022568844097174,0.0008555515147759,-0.0002042828746283,97,96.5
labrec_RDW,47.70134973526001,0.0004683428610996,95,0.0012377048836352,0.0004691956236129,-0.0001679315486631,101,98.0
labrec_Anion_Gap,15.332819938659668,0.0001505411649492,101,0.0024139739670081,0.0009151018435907,0.0017763702316228,96,98.5
ETHNICITY,10.855810165405272,0.0001065848497084,102,0.0004526052162139,0.0001715759463178,-3.570012586378623e-05,102,102.0
labrec_MCHC,3.2849199771881104,3.225210249056223e-05,104,0.0003332974442654,0.0001263481337743,5.835639787764528e-05,103,103.5
labrec_Chloride_Plasma,6.821889877319336,6.697888929731842e-05,103,0.0001825838307544,6.921483098690684e-05,-3.064085584815726e-05,104,103.5
lab_potassium,0.0,0.0,105,0.0,0.0,0.0,105,105.0
lab_sodium,0.0,0.0,106,0.0,0.0,0.0,106,106.0
lab_bun,0.0,0.0,107,0.0,0.0,0.0,107,107.0
lab_crp,0.0,0.0,108,0.0,0.0,0.0,108,108.0
lab_glucose,0.0,0.0,109,0.0,0.0,0.0,109,109.0
labrec_MCV,0.0,0.0,110,0.0,0.0,0.0,110,110.0
