feature,gain,split,gain_fraction
AGE,11381.40966296196,369,0.11174530688298226
WT_KG,6951.196758508682,565,0.06824845410066674
GENDER,6736.762074530125,119,0.06614308488216668
admission_to_ua_hours,3131.023539841175,577,0.03074111174962659
preUA_MAX_PULSE,3009.0753007531166,554,0.02954379579279212
prior_pyuria_rate,2843.907350063324,112,0.02792213873240819
lab_neutrophil_abs,2709.8068910837173,363,0.026605509475964653
prior_ua_wbc_last,2276.4611183404922,132,0.022350820663627098
lab_cbc_wbc,2246.4719074368477,356,0.0220563796695109
BMI,2215.0477675795555,427,0.021747850211748368
preUA_lab_count,2169.635892391205,406,0.02130198594015749
preUA_MAX_TEMP_C,1822.9442170262337,346,0.017898087055513375
preUA_MAX_SBP,1796.2204401493073,379,0.017635706846328696
preUA_MAX_RESP,1763.5867103934288,348,0.01731530135577034
preUA_MIN_TEMP_C,1669.6564703583717,342,0.01639307258014976
preUA_MAX_DBP,1654.126479446888,336,0.016240595545082556
lab_Platelet_Count,1548.4937365055084,298,0.015203468895007847
lab_Creatinine_Plasma,1541.1505834460258,278,0.0151313721234813
lab_creatinine,1538.5487170815468,284,0.01510582639900805
lab_Albumin_Plasma,1518.506068766117,302,0.014909043052034446
HT_M,1515.374870479107,309,0.014878300224576783
lab_Glucose_Plasma,1442.4274666905403,275,0.014162085778030905
preUA_MIN_RESP,1370.7191299200058,282,0.01345803677744285
lab_MCH,1347.1767266988754,233,0.013226892029066972
preUA_MIN_SBP,1293.9215828180313,253,0.012704020735238719
preUA_MIN_PULSE,1261.8101788163185,272,0.01238874355948675
lab_platelet,1252.8146128058434,249,0.012300423016232964
lab_RBC_Count,1219.781239271164,265,0.011976093730817164
preUA_MIN_DBP,1201.0703825354576,250,0.011792386220948753
lab_BUN_Creatinine_Ratio,1149.5594626665115,202,0.01128664012103356
lab_RDW,1109.0091007947922,242,0.010888507309215239
lab_BUN_Plasma,1031.858600139618,165,0.01013102588756465
lab_Total_Calcium_Plasma,1030.5499119758606,206,0.010118176885129646
lab_HGB,1012.9552745819092,209,0.009945428674380308
ZIP3,1011.7178186178207,240,0.009933279046121936
lab_MCHC,1009.5691013336182,191,0.009912182443904956
prior_ua_rec_days,1007.160991191864,199,0.009888539062745061
lab_HCT,978.1337773799896,191,0.009603543178103325
lab_Anion_Gap,907.1056272983551,158,0.00890617240741294
labrec_Albumin_Plasma,879.680149435997,167,0.008636902736001774
medadmin_life,855.8955234289169,142,0.008403379788408792
UA_year,792.2227001190186,189,0.007778225313561533
lab_MCV,763.183599948883,151,0.007493112725911036
lab_procalcitonin,692.9678093194962,106,0.006803717887814143
procedure_life,672.055770277977,117,0.006598398662037736
lab_hemoglobin,663.4046810269356,156,0.0065134602711127846
medadmin_365d,655.9637966156006,121,0.006440403950617504
labrec_Sodium_Plasma,653.6478987932205,112,0.006417665931291686
lab_Sodium_Plasma,622.6633507013321,111,0.006113452486939
medadmin_1d,580.8409008979797,103,0.0057028300222119474
lab_Potassium_Plasma,578.0517172217369,131,0.00567544517313925
lab_Chloride_Plasma,573.5650292634964,128,0.005631393835244494
lab_Phosphorus_Plasma,537.213739156723,93,0.0052744884791537825
procedure_365d,527.987960100174,112,0.005183907651080824
labrec_HCT,527.4726691246033,101,0.0051788484053542985
lab_CO2_Plasma,518.3538395762444,107,0.005089317632236535
INS_TYPE,441.01449024677277,87,0.004329982050715708
RACE1,423.31972324848175,110,0.004156250744401205
labrec_Phosphorus_Plasma,400.147463619709,98,0.003928740151243672
labrec_Creatinine_Plasma,362.1736939549446,66,0.0035559049163867928
procedure_30d,356.52561461925507,77,0.0035004507699008813
imaging_365d,327.3930706977844,71,0.0032144207299331005
prior_pyuria_count,303.1054181456566,52,0.002975958951623079
lab_lactate,297.67679846286774,53,0.0029226595106603003
medadmin_7d,295.85930943489075,68,0.0029048149839099218
age_bin,292.4006776213646,31,0.002870857338517765
labrec_Platelet_Count,285.6538007259369,50,0.002804614943989541
medadmin_30d,271.68018901348114,58,0.0026674187991083424
prior_ua_count,256.7639399766922,39,0.0025209676234175813
imaging_life,251.718479514122,51,0.0024714301281114743
imaging_xr_365d,229.45086085796356,39,0.002252801508812828
labrec_BUN_Plasma,220.14644956588745,44,0.002161448651303264
SEX_ASSIGNED_AT_BIRTH,212.4917632341385,21,0.002086293174208202
medadmin_abx_30d,211.56368041038513,33,0.002077181042844489
medadmin_abx_1d,205.53146028518677,41,0.002017955313428071
labrec_MCH,196.0758491754532,37,0.0019251179412120587
labrec_BUN_Creatinine_Ratio,185.34729051589966,29,0.001819782476157558
labrec_Glucose_Plasma,184.85644042491913,40,0.0018149631966768575
labrec_HGB,171.66043138504028,34,0.001685401734304532
imaging_xr_life,162.691379904747,33,0.0015973415168275865
imaging_mri_life,141.85571932792664,17,0.0013927721924456256
imaging_30d,134.32507038116455,29,0.0013188345430240043
GENDER_IDENTITY,126.18910932540894,23,0.0012389537996111712
medadmin_abx_life,122.24828028678894,27,0.001200261830572658
medadmin_abx_365d,105.31111919879913,20,0.0010339688739397822
imaging_us_life,93.9339108467102,19,0.0009222648164966075
labrec_Potassium_Plasma,86.33424973487854,16,0.0008476495897104302
imaging_us_30d,81.08262968063354,17,0.0007960879719519402
imaging_ct_life,74.10443115234375,10,0.0007275744082435951
imaging_us_365d,71.1784702539444,20,0.0006988466488357897
labrec_Total_Calcium_Plasma,70.88095951080322,8,0.0006959256196946032
imaging_xr_30d,70.73646986484528,14,0.0006945069870025977
labrec_RBC_Count,48.75568079948425,9,0.0004786945268262332
imaging_mri_30d,48.70434057712555,15,0.0004781904566738703
labrec_RDW,47.70134973526001,8,0.0004683428610996752
medadmin_abx_7d,41.3502699136734,11,0.00040598649359178474
imaging_ct_365d,37.591349720954895,9,0.000369080547586617
imaging_ct_30d,33.66499984264374,13,0.0003305307382857841
labrec_CO2_Plasma,31.542109966278076,7,0.00030968771551987475
imaging_mri_365d,30.39082980155945,8,0.0002983841811489581
labrec_Anion_Gap,15.332819938659668,3,0.00015054116494925786
ETHNICITY,10.855810165405273,2,0.00010658484970840692
labrec_Chloride_Plasma,6.821889877319336,1,6.697888929731842e-05
labrec_MCHC,3.2849199771881104,1,3.225210249056223e-05
lab_potassium,0.0,0,0.0
lab_sodium,0.0,0,0.0
lab_bun,0.0,0,0.0
lab_crp,0.0,0,0.0
lab_glucose,0.0,0,0.0
labrec_MCV,0.0,0,0.0
