feature,mean_abs_shap,mean_shap,sd_shap,mean_abs_fraction
AGE,0.3121117822658074,-0.01657428099054472,0.365869249898495,0.11831696251132919
GENDER,0.30556143237384664,-0.007762017443991748,0.38104452339857386,0.11583382170524718
WT_KG,0.20480830797304347,0.003801022563188662,0.22724537087896413,0.07763980174198651
prior_pyuria_rate,0.0947306226473355,0.00019931555431887258,0.16157572761033945,0.03591097858296892
lab_neutrophil_abs,0.08938183957601364,0.0015850865628729977,0.13795571034253537,0.03388333399506977
prior_ua_wbc_last,0.06765976629183632,-0.006392310252981359,0.12117466772056812,0.02564881714416935
lab_cbc_wbc,0.0636472209266542,0.002717478051599718,0.08789202745569301,0.02412772051622167
preUA_lab_count,0.06144264767092319,0.001745834797233137,0.09247608823797082,0.02329199938657311
lab_Albumin_Plasma,0.05639392269063438,0.0034915512917130876,0.09448118690980249,0.02137810238503629
lab_creatinine,0.05121896776796204,-0.0055903090496454534,0.06797167012544254,0.01941635347847885
preUA_MAX_PULSE,0.046236905328696,0.00038048434137411566,0.0710079035126117,0.017527727260729306
admission_to_ua_hours,0.04513470607665489,9.137787580280599e-05,0.06259692139433888,0.017109899818788323
UA_year,0.038446974862317025,-0.0011143731635759157,0.05962896258569951,0.014574679784388023
medadmin_life,0.03559457592781488,-0.001371284318837467,0.04664679968181551,0.01349337751713357
preUA_MIN_PULSE,0.03435585382539702,0.001662279726095227,0.060281400228971944,0.013023796280918301
lab_Platelet_Count,0.03401310286273713,-0.0008106498147439952,0.06832229361296836,0.012893864458077933
lab_Anion_Gap,0.033539163787615366,-0.001173019676923376,0.05730897105816654,0.012714201161240007
lab_Creatinine_Plasma,0.03351308222508394,0.00671801680759081,0.06709033254481088,0.012704314026464558
preUA_MAX_TEMP_C,0.03344753010760927,-0.002067156242260694,0.05323248641905235,0.012679464187828273
lab_Glucose_Plasma,0.032797300367898456,-0.0015841015519316012,0.06771476045050737,0.012432971706260896
preUA_MAX_DBP,0.030286803406777855,-0.001182796669649497,0.06593947280195592,0.011481279422562534
ZIP3,0.029231506576800858,-0.0024449792859975376,0.05154639805792782,0.011081231995437923
BMI,0.02922569573003823,0.0010002862648926857,0.046369815041914904,0.011079029189335631
labrec_Creatinine_Plasma,0.028533906384981846,-0.004624791343041795,0.053263557881859915,0.010816782075783647
preUA_MIN_TEMP_C,0.028459983942846136,-0.0007630441523894194,0.06902878502155448,0.010788759170812158
lab_MCH,0.027780130709605395,-0.002143062442072488,0.04512215974524993,0.010531036860790403
preUA_MAX_SBP,0.027487597942139688,-0.0026335129900747654,0.04648593747711811,0.01042014201334085
INS_TYPE,0.02704683411265468,1.6858192371932725e-05,0.03819580198951462,0.010253054961673204
lab_BUN_Creatinine_Ratio,0.023892277791524006,-0.006237783703328705,0.036688260657659434,0.009057209296131396
age_bin,0.023836131409491278,-0.00236092716007892,0.03880266891549142,0.009035925032750221
preUA_MAX_RESP,0.023000572660667466,0.0014484940353114604,0.041072157662332964,0.008719177063663921
HT_M,0.021658549186753757,0.005449177013305665,0.034465410194502555,0.008210435804684005
preUA_MIN_RESP,0.02103324872147391,-0.0003656648153175519,0.03831370831627924,0.007973393642508196
lab_RDW,0.020921285969169756,-0.002416347917111426,0.04232729954344383,0.007930950218325787
RACE1,0.020390104512036284,-0.0017237050328233723,0.07149184877796695,0.007729587180717515
lab_BUN_Plasma,0.020191791923311043,0.0062294197330276056,0.04823140534755139,0.0076544098101120495
lab_HCT,0.01891121347085675,-0.006306946642308633,0.04024223594406864,0.007168961450386832
lab_hemoglobin,0.018788829695093528,-0.000571613665716056,0.07145884396931947,0.007122567570271661
lab_Total_Calcium_Plasma,0.01846021492388448,-1.0662253124024002e-05,0.033190404252394536,0.00699799456862606
lab_RBC_Count,0.01825378069406252,0.004049711074284425,0.03965003815456414,0.0069197384039481795
preUA_MIN_DBP,0.0177757403123453,0.0022704376721204367,0.030486573811353668,0.0067385203624121225
procedure_30d,0.0172303748005587,0.004156145665963096,0.025733070334632433,0.006531780359376691
prior_pyuria_count,0.017050318260416766,0.0008956810531116306,0.042107866822807094,0.006463523586898458
preUA_MIN_SBP,0.016529504589926355,-0.0011413195935223235,0.02801428758289224,0.006266090823933032
lab_HGB,0.015770422021229743,0.0003592805021872891,0.03540920914775931,0.005978333844137273
lab_CO2_Plasma,0.015043986062812912,-0.003256063866330787,0.025207048297079784,0.0057029527116631154
lab_MCV,0.01501877421682537,-0.0020928003319794206,0.03212534826481442,0.005693395273571884
lab_Phosphorus_Plasma,0.014646472995049451,-0.0007128558820140955,0.03886887054557654,0.005552261384360778
lab_Chloride_Plasma,0.014144119698649777,0.002908243749904788,0.024183465936619998,0.0053618266763017786
medadmin_abx_1d,0.014096556449350353,0.0012530850429386584,0.038543244005916584,0.005343796151649927
lab_platelet,0.014060664538897679,-0.0017526254563158127,0.026822004313702782,0.0053301900590101035
prior_ua_rec_days,0.013365968312620994,0.0020270044499215113,0.030119271123042933,0.005066840989761765
procedure_life,0.013341040724703435,0.0022304668964170057,0.01791499189731402,0.005057391309702497
labrec_Albumin_Plasma,0.01297476767761694,-0.0014358861730329935,0.024066876134915476,0.004918542612397837
lab_procalcitonin,0.012568007724738739,-0.003023193038887631,0.04480721191765122,0.004764345927651045
lab_Sodium_Plasma,0.012288521735577965,0.0028906066808897877,0.01964691828800656,0.004658396920978125
lab_MCHC,0.012252499810553307,0.001985321890247137,0.018316438783472343,0.00464474154173615
medadmin_365d,0.012143066662751311,-0.0007795397406977786,0.017327193484878423,0.004603257053223766
medadmin_1d,0.012032751651040927,0.0010022295015523952,0.01974725521793726,0.004561438263140863
labrec_Sodium_Plasma,0.011938014757239896,0.00471583076878154,0.018414606493940607,0.004525524907256239
GENDER_IDENTITY,0.010257423727378487,-0.00045140929179336394,0.015786918776863217,0.003888437693074603
imaging_365d,0.01021776203365794,0.0003286263748692863,0.019805667612098735,0.003873402531329016
medadmin_abx_30d,0.008817968709119082,0.0002777733247813036,0.028832712854394593,0.003342761576025302
labrec_Platelet_Count,0.008767275112276013,-0.0009162974907966433,0.016329225668937648,0.00332354438289756
procedure_365d,0.008575837393029674,-0.002823183360695911,0.025425600072730998,0.003250973173676008
labrec_Phosphorus_Plasma,0.008371785240341456,-0.0011859547596994905,0.024563257668668462,0.0031736200192237778
SEX_ASSIGNED_AT_BIRTH,0.008178066092397563,-0.0003443851524896319,0.015162358260548946,0.003100183954110784
lab_Potassium_Plasma,0.007944910475920502,0.0016759191608083932,0.01396878810992229,0.0030117981067910933
prior_ua_count,0.007642131117579264,-0.0010730372538485368,0.025113033193145964,0.00289701892822245
imaging_30d,0.00719579645739331,0.0005432379442694885,0.016188724629125923,0.0027278200569931864
medadmin_abx_life,0.006623074720862429,0.0010368888102724589,0.014156752396721766,0.002510709713581549
imaging_life,0.006609237938532249,0.001054557464566039,0.024484624968104905,0.0025054643939580717
labrec_HCT,0.006599610369288822,0.00030375484479456253,0.011270424370004988,0.0025018147247883264
medadmin_30d,0.0058443129467956375,-0.00033139685383324057,0.00984365887815193,0.0022154926379600783
labrec_MCH,0.005809413851650985,-0.0012106425760470532,0.009194648593073996,0.00220226290692611
labrec_BUN_Plasma,0.005768191646190199,0.0011865461099950577,0.008348371069943192,0.0021866361782498294
medadmin_7d,0.005055744045059175,-0.0002969859454004929,0.009721187143594498,0.0019165578252239993
lab_lactate,0.004794719469720978,0.0006095554845037124,0.01186443035720182,0.0018176072676044752
labrec_Glucose_Plasma,0.0046607537114186845,-0.002240495336864923,0.008991603885989866,0.0017668228291325072
imaging_us_30d,0.004567371175331068,9.965494708194757e-05,0.01542080310702665,0.0017314228902347124
imaging_xr_365d,0.004513635693187871,-0.0006337733248013933,0.011088903725108094,0.0017110525633598037
labrec_CO2_Plasma,0.004405859905018187,0.0027917892830707923,0.011778769290021541,0.001670196355382235
imaging_us_365d,0.003550691332029098,0.0003708954938268928,0.01044250506407809,0.0013460145918592964
imaging_us_life,0.0034976732959514046,0.00013427730074065132,0.0062405744126156765,0.0013259162381813617
imaging_mri_30d,0.0032726042709198336,0.00035524365666454114,0.019472435172710672,0.0012405958981294663
labrec_Potassium_Plasma,0.0032375467579208277,-0.0007057751184796661,0.0073235765032302926,0.0012273061132289037
imaging_mri_life,0.0032320544985445804,-0.0005603443541305894,0.0168280659253262,0.0012252240788949082
imaging_xr_life,0.003122419275014616,-0.0005304516803657873,0.009201687868102966,0.0011836629864614646
labrec_HGB,0.003040103365921309,-0.0008318728312010243,0.004847831594558285,0.0011524582422522752
imaging_ct_365d,0.002977468464750627,0.0002463906901916608,0.007099243882698716,0.00112871427718978
labrec_Total_Calcium_Plasma,0.0029494866399926494,0.0016744592652228934,0.006703914123307822,0.0011181067810970224
imaging_xr_30d,0.002822384454209726,0.00026521592792729415,0.006725017171044549,0.001069924221498619
imaging_mri_365d,0.002628105007745385,0.0005510244221055322,0.011183701904836838,0.0009962757554997708
labrec_BUN_Creatinine_Ratio,0.0024806998953350217,9.730274348854537e-05,0.004633526678233665,0.0009403966565678947
imaging_ct_30d,0.0024579292005757402,-0.0002635015493541045,0.01034498348440508,0.000931764622818216
labrec_Anion_Gap,0.0024139739670081205,0.0017763702316228142,0.006856219783032419,0.0009151018435907157
medadmin_abx_7d,0.002256884409717442,-0.00020428287462830237,0.007158826392670344,0.0008555515147759785
medadmin_abx_365d,0.002216402265171947,0.0005986274909428645,0.006001099395071535,0.0008402053322518968
labrec_RBC_Count,0.0013469846639828933,-0.000259465045309139,0.0022438254406761666,0.0005106219727907364
imaging_ct_life,0.0013010781434933689,-0.00014916559641085079,0.005152673618198679,0.0004932194895382492
labrec_RDW,0.0012377048836352913,-0.00016793154866317134,0.0023865228102452852,0.0004691956236129854
ETHNICITY,0.00045260521621397546,-3.570012586378623e-05,0.0011609299181641482,0.00017157594631789588
labrec_MCHC,0.0003332974442654743,5.835639787764528e-05,0.0010275304502057338,0.0001263481337743786
labrec_Chloride_Plasma,0.00018258383075445839,-3.064085584815726e-05,0.000997454668417805,6.921483098690684e-05
lab_potassium,0.0,0.0,0.0,0.0
lab_sodium,0.0,0.0,0.0,0.0
lab_bun,0.0,0.0,0.0,0.0
lab_crp,0.0,0.0,0.0,0.0
lab_glucose,0.0,0.0,0.0,0.0
labrec_MCV,0.0,0.0,0.0,0.0
