metric,estimate,ci_low,ci_high
Raw AUC,0.7303631161471819,0.7183789748579406,0.7419937187252293
Smoothed hull AUC,0.732918721930661,0.7204410581208393,0.7453963857404827
Sensitivity (Youden),0.7726519891850134,0.7561070357722971,0.7883894934452379
Specificity (Youden),0.5860000000000001,0.5720434263792791,0.5998198284640783
PPV (Youden),0.5002005407097642,0.4847021557830205,0.5156990945311428
NPV (Youden),0.8277833889049485,0.8139149663967113,0.8409129617963443
Accuracy (Youden),0.651153296481057,0.6362932154751592,0.665642514405915
LR+ (Youden),1.8663091526208055,1.7667965293018322,1.970073599074702
LR- (Youden),0.38796588876277566,0.352784100697517,0.4263603015274402
Brier score,0.19340279371153,0.1894472987780033,0.19740080404208477
Calibration intercept,0.04256044889709706,-0.01969075042692536,0.10533928414957838
Calibration slope,1.0643034928701398,0.9990868073982705,1.1336198045778259
