.gitignore	118
MANIFEST.tsv	0
README.md	5693
data/README.md	925
models/lightgbm_final.txt	1733710
models/lightgbm_final_meta.json	3245
models/lsm_depth_00.tar.gz	2665150
models/lsm_depth_01.tar.gz	763214
models/lsm_depth_02.tar.gz	214284
models/lsm_depth_03.tar.gz	67935
models/lsm_feature_metadata.json	21334
models/lsm_hierarchy.json	573
models/model_manifest.json	1425
models/stack_logistic.json	509
report.md	11496
requirements.txt	60
results/brief.pdf	230451
results/brief.tex	4445
results/figures/calibration_curve_zedstat.pdf	14727
results/figures/calibration_curve_zedstat.png	134257
results/figures/feature_importance_gain.pdf	18123
results/figures/feature_importance_gain.png	196334
results/figures/feature_importance_shap.pdf	17864
results/figures/feature_importance_shap.png	202302
results/figures/model_comparison.pdf	16003
results/figures/model_comparison.png	144896
results/figures/precision_recall_zedstat.pdf	34272
results/figures/precision_recall_zedstat.png	144786
results/figures/roc_curve_zedstat.pdf	53131
results/figures/roc_curve_zedstat.png	194929
results/final_performance.json	2662
results/tables/feature_importance_combined.csv	12943
results/tables/lightgbm_feature_importance_gain.csv	6224
results/tables/lightgbm_feature_importance_shap.csv	10644
results/tables/performance_summary.csv	904
results/zedstat/calibration_curve_10bin.csv	1327
results/zedstat/empirical_roc.csv	425582
results/zedstat/selected_high_specificity_operating_points.csv	1214
results/zedstat/zedstat_smoothed_hull_operating_metrics.csv	379186
results/zedstat/zedstat_summary.json	1754
scripts/README.md	597
scripts/history/build_corrected_fast.py	6660
scripts/history/build_corrected_rich.py	9817
scripts/history/build_longitudinal.py	11848
scripts/history/build_longitudinal_fast.py	12183
scripts/history/build_longitudinal_lean.py	11735
scripts/history/build_longitudinal_onepass.py	9584
scripts/history/build_longitudinal_vector.py	10389
scripts/history/continue_stack_internal.py	3263
scripts/history/correct_suspect_fast.py	5420
scripts/history/feat_utils.py	2313
scripts/history/fit_safe_stack.py	2279
scripts/history/oof_safe_stack.py	5552
scripts/history/rebuild_lgbm_and_importance.py	2578
scripts/history/run_final_stack.py	7985
scripts/history/run_one_fold.py	3417
scripts/history/run_safe_rich_lgbm.py	2009
scripts/history/run_zedstat_final.py	7004
scripts/history/score_depth.py	2072
scripts/history/score_safe_multiscale.py	1233
scripts/history/stage1.py	6160
scripts/history/stageA.py	4589
scripts/history/train_full_hierarchy.py	2410
scripts/history/train_safe_multiscale.py	4978
scripts/history/train_safe_multiscale_all.py	4983
scripts/make_publication_figures.py	4546
