bin,n,cases,mean_pred,obs_rate,obs_rate_lo,obs_rate_hi,prob_min,prob_max
0,742,70,0.10121059732019656,0.09433962264150944,0.07534764384110317,0.11751031158568777,0.0035533697990376,0.1327816812320759
1,742,118,0.15231624357088683,0.15902964959568733,0.13448166651311536,0.18708997044030026,0.1328485985924482,0.1706233753001413
2,741,126,0.18664232492851063,0.1700404858299595,0.14470992189665546,0.19877452810397603,0.1706738720548231,0.202868055605999
3,742,151,0.22595120348295394,0.20350404312668463,0.17609712036482011,0.23396517263814998,0.2029037242255934,0.2587325351050762
4,742,237,0.30588751037234313,0.3194070080862534,0.2868630832003404,0.35381122253783237,0.258889723919609,0.3519571171615356
5,741,301,0.3873728196542006,0.40620782726045884,0.3714180661483263,0.4419650392710761,0.3520680880552849,0.4168874069713754
6,742,322,0.44103323581885806,0.4339622641509434,0.398731613935258,0.46987316950631264,0.4168967835556534,0.4641936515521717
7,741,357,0.48572609001169703,0.4817813765182186,0.4459914761301836,0.5177591990232255,0.4642330561292029,0.5098719247282845
8,742,386,0.5374967454454773,0.5202156334231806,0.4842571995302165,0.5559658259468536,0.509924763607375,0.5706016747245899
9,742,521,0.6496871506802737,0.7021563342318059,0.6682788158909622,0.73395143887974,0.5708493545972978,0.8262695226196431
